Rank,Club,Country,Level,Elo,From,To
1,Arsenal,ENG,1,2063.7578125,2026-05-31,2026-08-21
2,Bayern,GER,1,2000.87036133,2026-05-21,2026-07-03
3,Man City,ENG,1,1970.85400391,2026-05-31,2026-07-04
4,Paris SG,FRA,1,1967.87890625,2026-05-31,2026-07-04
5,Barcelona,ESP,1,1951.58874512,2026-05-28,2026-07-04
6,Real Madrid,ESP,1,1922.9119873,2026-05-28,2026-07-04
7,Aston Villa,ENG,1,1920.9699707,2026-05-31,2026-07-04
8,Man United,ENG,1,1915.31591797,2026-05-31,2026-07-04
9,Liverpool,ENG,1,1910.79882812,2026-05-31,2026-07-04
10,Inter,ITA,1,1888.60229492,2026-05-24,2026-07-04
11,Bournemouth,ENG,1,1871.97009277,2026-05-31,2026-07-04
12,Sporting,POR,1,1847.92749023,2026-05-25,2026-07-04
13,Brighton,ENG,1,1842.01037598,2026-05-31,2026-07-04
14,Newcastle,ENG,1,1837.53112793,2026-05-31,2026-07-04
15,Brentford,ENG,1,1836.59033203,2026-05-31,2026-07-04
16,Dortmund,GER,1,1834.76867676,2026-05-25,2026-07-04
17,Chelsea,ENG,1,1831.10339355,2026-05-31,2026-07-04
18,Atletico,ESP,1,1827.67553711,2026-05-28,2026-07-04
19,Benfica,POR,1,1823.50854492,2026-05-18,2026-07-04
20,Forest,ENG,1,1822.17016602,2026-05-31,2026-07-04
21,Fulham,ENG,1,1813.09558105,2026-05-31,2026-07-04
22,Porto,POR,1,1805.9453125,2026-05-25,2026-07-04
23,Leverkusen,GER,1,1804.02624512,2026-05-31,2026-07-04
24,Crystal Palace,ENG,1,1803.82458496,2026-05-31,2026-07-04
25,Everton,ENG,1,1803.43054199,2026-05-31,2026-07-04
26,Leeds,ENG,1,1797.3885498,2026-05-31,2026-07-04
27,Roma,ITA,1,1793.45080566,2026-05-25,2026-07-04
28,Napoli,ITA,1,1780.29589844,2026-05-25,2026-07-04
29,Tottenham,ENG,1,1777.30883789,2026-05-31,2026-07-04
30,Juventus,ITA,1,1772.25634766,2026-05-25,2026-07-04
31,West Ham,ENG,1,1768.80187988,2026-05-31,2026-07-03
32,Lens,FRA,1,1767.04345703,2026-05-31,2026-07-04
33,Stuttgart,GER,1,1763.83447266,2026-05-25,2026-07-03
34,Atalanta,ITA,1,1763.51843262,2026-05-23,2026-07-04
35,RB Leipzig,GER,1,1761.90356445,2026-05-21,2026-07-04
36,Como,ITA,1,1760.02868652,2026-05-28,2026-07-04
37,Villarreal,ESP,1,1759.34509277,2026-05-28,2026-07-04
38,PSV,NED,1,1759.13476562,2026-05-25,2026-07-04
39,Brugge,BEL,1,1757.43847656,2026-05-25,2026-07-04
40,Milan,ITA,1,1750.04211426,2026-05-25,2026-07-04
41,Betis,ESP,1,1747.13122559,2026-05-28,2026-07-04
42,Lille,FRA,1,1743.70898438,2026-05-31,2026-07-04
43,Sunderland,ENG,1,1735.93017578,2026-05-31,2026-07-04
44,Lyon,FRA,1,1731.61791992,2026-05-31,2026-07-04
45,Freiburg,GER,1,1724.91296387,2026-05-21,2026-07-04
46,Monaco,FRA,1,1717.51831055,2026-05-31,2026-07-04
47,St Gillis,BEL,1,1716.76196289,2026-05-31,2026-07-04
48,Marseille,FRA,1,1716.74279785,2026-05-31,2026-07-04
49,Rennes,FRA,1,1716.11877441,2026-05-31,2026-07-04
50,Strasbourg,FRA,1,1710.80456543,2026-05-31,2026-07-04
51,Bodoe Glimt,NOR,1,1708.89233398,2026-05-30,2026-07-04
52,Rayo Vallecano,ESP,1,1707.33996582,2026-05-28,2026-07-04
53,Lazio,ITA,1,1703.16967773,2026-05-24,2026-07-04
54,Bologna,ITA,1,1701.2779541,2026-05-28,2026-07-04
55,Celta,ESP,1,1700.77734375,2026-05-28,2026-07-04
56,Hoffenheim,GER,1,1700.35375977,2026-05-24,2026-07-04
57,Braga,POR,1,1698.91101074,2026-05-28,2026-07-04
58,Valencia,ESP,1,1697.41503906,2026-05-28,2026-07-04
59,Midtjylland,DEN,1,1687.3840332,2026-05-24,2026-07-04
60,Galatasaray,TUR,1,1684.27062988,2026-05-24,2026-07-04
61,Wolves,ENG,1,1679.6932373,2026-05-31,2026-07-03
62,Bilbao,ESP,1,1677.90087891,2026-05-28,2026-07-04
63,Mainz,GER,1,1671.92553711,2026-05-21,2026-07-04
64,Fiorentina,ITA,1,1670.17321777,2026-05-28,2026-07-04
65,Sociedad,ESP,1,1669.46557617,2026-05-28,2026-07-04
66,Burnley,ENG,1,1666.33666992,2026-05-31,2026-07-03
67,Getafe,ESP,1,1664.07507324,2026-05-28,2026-07-04
68,Frankfurt,GER,1,1663.77978516,2026-05-24,2026-07-04
69,Olympiakos,GRE,1,1663.37609863,2026-05-24,2026-07-04
70,Coventry,ENG,2,1661.4777832,2026-05-31,2026-07-03
71,Zenit,RUS,1,1657.19775391,2026-05-24,2026-07-04
72,Fenerbahce,TUR,1,1655.55847168,2026-05-24,2026-07-04
73,Slavia Praha,CZE,1,1654.11645508,2026-05-25,2026-07-04
74,Toulouse,FRA,1,1652.31567383,2026-05-31,2026-07-04
75,Osasuna,ESP,1,1650.25805664,2026-05-28,2026-07-04
76,Udinese,ITA,1,1645.94152832,2026-05-25,2026-07-04
77,Mallorca,ESP,1,1642.77294922,2026-05-28,2026-07-04
78,Gladbach,GER,1,1640.84313965,2026-05-24,2026-07-04
79,AEK,GRE,1,1640.65844727,2026-05-31,2026-07-04
80,Ipswich,ENG,2,1639.99816895,2026-05-31,2026-07-03
81,Lorient,FRA,1,1639.05761719,2026-05-31,2026-07-04
82,Levante,ESP,1,1638.74023438,2026-05-31,2026-07-04
83,Augsburg,GER,1,1636.44641113,2026-05-31,2026-07-04
84,Southampton,ENG,2,1636.34643555,2026-05-31,2026-07-04
85,Girona,ESP,1,1635.80603027,2026-05-28,2026-07-04
86,Alaves,ESP,1,1634.98193359,2026-05-28,2026-07-04
87,FC Krasnodar,RUS,1,1632.22900391,2026-05-24,2026-07-04
88,Viking,NOR,1,1631.9107666,2026-05-31,2026-07-04
89,Espanyol,ESP,1,1629.45593262,2026-05-28,2026-07-04
90,Paris FC,FRA,1,1629.32714844,2026-05-31,2026-07-04
91,Sevilla,ESP,1,1625.92346191,2026-05-28,2026-07-04
92,Auxerre,FRA,1,1624.11157227,2026-05-31,2026-07-04
93,Torino,ITA,1,1624.05883789,2026-05-31,2026-07-04
94,Elche,ESP,1,1623.40368652,2026-05-31,2026-07-04
95,Sassuolo,ITA,1,1622.01721191,2026-05-25,2026-07-04
96,Brest,FRA,1,1620.84460449,2026-05-31,2026-07-04
97,Union Berlin,GER,1,1619.43054199,2026-05-25,2026-07-04
98,Genoa,ITA,1,1618.22717285,2026-05-25,2026-07-04
99,Werder,GER,1,1606.01928711,2026-05-21,2026-07-04
100,PAOK,GRE,1,1605.57592773,2026-05-18,2026-07-04
None,Millwall,ENG,2,1604.41833496,2026-05-31,2026-07-04
None,Feyenoord,NED,1,1602.56091309,2026-05-18,2026-07-04
None,Hamburg,GER,1,1602.1472168,2026-05-21,2026-08-29
None,Parma,ITA,1,1599.93139648,2026-05-25,2026-08-22
None,Wolfsburg,GER,1,1599.56982422,2026-05-21,2026-07-03
None,Venezia,ITA,2,1598.84899902,2026-05-09,2026-08-23
None,Cagliari,ITA,1,1594.3046875,2026-05-25,2026-08-22
None,Famalicao,POR,1,1590.96594238,2026-05-17,2026-08-29
None,Middlesbrough,ENG,2,1588.94506836,2026-05-31,2026-08-15
None,Crvena Zvezda,SRB,1,1586.15527344,2026-05-23,2026-08-29
None,Las Palmas,ESP,2,1585.08972168,2026-06-01,2026-06-07
None,Shakhtar,UKR,1,1584.59094238,2026-05-22,2026-06-09
None,Aarhus,DEN,1,1582.55212402,2026-05-18,2026-07-25
None,Nice,FRA,1,1582.37243652,2026-05-31,2026-08-22
None,Santander,ESP,2,1581.93249512,2026-06-01,2026-08-16
None,Genk,BEL,1,1581.32556152,2026-06-01,2026-08-29
None,Le Havre,FRA,1,1580.06860352,2026-05-31,2026-08-22
None,FC Kobenhavn,DEN,1,1578.41003418,2026-05-22,2026-07-26
None,Ajax,NED,1,1578.02770996,2026-05-25,2026-08-09
None,Dinamo Zagreb,CRO,1,1577.1184082,2026-05-24,2026-08-29
None,Celtic,SCO,1,1575.15283203,2026-05-17,2026-08-29
None,Malaga,ESP,2,1568.62817383,2026-06-01,2026-06-07
None,Koeln,GER,1,1568.1685791,2026-05-21,2026-08-29
None,Lecce,ITA,1,1568.02050781,2026-05-25,2026-08-23
None,Twente,NED,1,1567.74780273,2026-05-18,2026-08-09
None,Frosinone,ITA,2,1564.72619629,2026-05-09,2026-08-23
None,Paphos,CYP,0,1561.03271484,2026-03-20,2026-08-29
None,Norwich,ENG,2,1560.36108398,2026-05-31,2026-08-15
None,Oviedo,ESP,1,1557.96911621,2026-05-28,2026-08-29
None,Viktoria Plzen,CZE,1,1556.39916992,2026-05-25,2026-08-29
None,Almeria,ESP,2,1556.26391602,2026-06-01,2026-06-06
None,Lok Moskva,RUS,1,1555.28356934,2026-03-16,2026-08-29
None,CSKA Moskva,RUS,1,1554.62353516,2026-03-15,2026-08-29
None,St Truiden,BEL,1,1554.60766602,2026-05-25,2026-08-29
None,Karabakh Agdam,AZE,0,1554.37609863,2026-02-25,2026-08-29
None,Heidenheim,GER,1,1552.56970215,2026-05-21,2026-07-03
None,Spartak Moskva,RUS,1,1550.99316406,2026-03-15,2026-08-29
None,Eibar,ESP,2,1549.77270508,2026-06-01,2026-08-29
None,Sparta Praha,CZE,1,1547.84741211,2026-05-25,2026-08-29
None,Angers,FRA,1,1547.54589844,2026-05-31,2026-08-23
None,Panathinaikos,GRE,1,1546.63842773,2026-05-18,2026-08-29
None,Sheffield United,ENG,2,1546.58081055,2026-05-31,2026-08-15
None,Castellon,ESP,2,1546.32910156,2026-06-01,2026-06-06
None,Depor,ESP,2,1546.31384277,2026-06-01,2026-08-16
None,Nantes,FRA,1,1544.4296875,2026-05-31,2026-08-29
None,Monza,ITA,2,1543.9909668,2026-05-30,2026-08-22
None,Reims,FRA,2,1541.97424316,2026-05-31,2026-08-29
None,Burgos,ESP,2,1541.79614258,2026-06-01,2026-08-29
None,Nordsjaelland,DEN,1,1541.78027344,2026-05-18,2026-07-26
None,Derby,ENG,2,1539.21325684,2026-05-31,2026-08-15
None,Alkmaar,NED,1,1539.21276855,2026-05-18,2026-08-08
None,Dynamo Moskva,RUS,1,1538.52539062,2026-03-15,2026-08-29
None,Swansea,ENG,2,1536.28540039,2026-05-31,2026-08-15
None,St Pauli,GER,1,1532.94165039,2026-05-21,2026-07-03
None,Hull,ENG,2,1532.88049316,2026-05-31,2026-07-03
None,Nijmegen,NED,1,1531.59863281,2026-05-18,2026-08-08
None,Cremonese,ITA,1,1531.55664062,2026-05-25,2026-08-29
None,Brondby,DEN,1,1529.92553711,2026-05-22,2026-07-25
None,Brann,NOR,1,1528.16906738,2026-05-30,2026-07-12
None,Hannover,GER,2,1527.87036133,2026-05-21,2026-08-08
None,Wrexham,ENG,2,1527.45910645,2026-05-31,2026-08-17
None,Trabzonspor,TUR,1,1526.23779297,2026-05-18,2026-08-29
None,Paderborn,GER,2,1525.36755371,2026-05-21,2026-07-03
None,Anderlecht,BEL,1,1523.74475098,2026-05-25,2026-08-29
None,Elversberg,GER,2,1523.39819336,2026-05-21,2026-07-03
None,Troyes,FRA,2,1521.14306641,2026-05-31,2026-08-22
None,Lech,POL,1,1520.91870117,2026-05-24,2026-08-29
None,Bueyueksehir,TUR,1,1520.4609375,2026-05-17,2026-08-29
None,Utrecht,NED,1,1520.30151367,2026-05-25,2026-08-09
None,Ferencvaros,HUN,1,1520.05029297,2026-05-17,2026-07-09
None,Schalke,GER,2,1519.7421875,2026-05-21,2026-07-03
None,Rangers,SCO,1,1517.05712891,2026-05-17,2026-08-29
None,Besiktas,TUR,1,1516.34155273,2026-05-16,2026-08-29
None,Mjaellby,SWE,1,1515.64575195,2026-06-01,2026-07-03
None,Guimaraes,POR,1,1515.55175781,2026-05-17,2026-08-29
None,Palermo,ITA,2,1514.03564453,2026-05-21,2026-08-29
None,Rakow,POL,1,1513.49890137,2026-05-24,2026-08-29
None,Viborg,DEN,1,1512.19702148,2026-05-18,2026-07-24
None,Gil Vicente,POR,1,1507.84570312,2026-05-17,2026-08-29
None,Saint-Etienne,FRA,2,1507.8404541,2026-05-31,2026-08-29
None,Bristol City,ENG,2,1507.68237305,2026-05-31,2026-08-15
None,Hammarby,SWE,1,1507.66381836,2026-06-01,2026-07-05
None,Birmingham,ENG,2,1507.0657959,2026-05-31,2026-08-15
None,Charleroi,BEL,1,1504.9967041,2026-05-24,2026-08-29
None,West Brom,ENG,2,1504.70581055,2026-05-31,2026-08-15
None,Leicester,ENG,2,1503.45800781,2026-05-31,2026-07-03
None,Verona,ITA,1,1502.5567627,2026-05-25,2026-08-29
None,Standard,BEL,1,1502.06079102,2026-05-24,2026-08-29
None,Arouca,POR,1,1500.69458008,2026-05-17,2026-08-29
None,Gijon,ESP,2,1499.98925781,2026-05-31,2026-08-29
None,Portsmouth,ENG,2,1499.31542969,2026-05-31,2026-08-15
None,Gent,BEL,1,1497.22473145,2026-06-01,2026-08-29
None,Tromso,NOR,1,1496.79101562,2026-05-30,2026-07-11
None,Albacete,ESP,2,1496.30981445,2026-05-31,2026-08-29
None,Rodez,FRA,2,1494.4453125,2026-05-31,2026-08-29
None,Larnaca,CYP,0,1494.35522461,2026-03-20,2026-08-29
None,Andorra CF,ESP,2,1493.97790527,2026-06-01,2026-08-29
None,Estoril,POR,1,1493.87976074,2026-05-17,2026-08-29
None,Blackburn,ENG,2,1493.27893066,2026-05-31,2026-08-14
None,Le Mans,FRA,2,1492.42114258,2026-05-31,2026-08-22
None,Metz,FRA,1,1489.80981445,2026-05-31,2026-08-29
None,Bochum,GER,2,1486.64111328,2026-05-21,2026-08-07
None,Baltika,RUS,1,1484.52722168,2026-03-15,2026-08-29
None,Santa Clara,POR,1,1482.95837402,2026-05-17,2026-08-29
None,Salzburg,AUT,1,1482.40698242,2026-05-18,2026-08-01
None,Leganes,ESP,2,1481.57958984,2026-06-01,2026-08-29
None,QPR,ENG,2,1480.50976562,2026-05-31,2026-08-15
None,Antwerp,BEL,1,1480.32495117,2026-05-24,2026-08-29
None,Moreirense,POR,1,1478.99890137,2026-05-17,2026-08-29
None,Preston,ENG,2,1478.86450195,2026-05-31,2026-08-15
None,Mechelen,BEL,1,1478.85229492,2026-05-25,2026-08-29
None,Aris Limassol,CYP,0,1478.18310547,2026-03-20,2026-08-29
None,Montpellier,FRA,2,1477.11669922,2026-05-31,2026-08-29
None,Westerlo,BEL,1,1475.3503418,2026-05-24,2026-08-29
None,Cordoba,ESP,2,1474.97363281,2026-06-01,2026-08-29
None,Hearts,SCO,1,1473.26843262,2026-05-17,2026-08-29
None,Djurgarden,SWE,1,1472.00256348,2026-06-01,2026-07-06
None,Sturm Graz,AUT,1,1471.63842773,2026-05-18,2026-08-01
None,StGallen,SUI,1,1469.69934082,2026-05-18,2026-07-26
None,Heerenveen,NED,1,1468.30737305,2026-05-22,2026-08-09
None,Molde,NOR,1,1467.12402344,2026-05-31,2026-07-11
None,Jagiellonia,POL,1,1466.60546875,2026-05-24,2026-08-29
None,Beer-Sheva,ISR,1,1466.13769531,2026-05-24,2026-08-29
None,Annecy,FRA,2,1465.85766602,2026-05-31,2026-08-29
None,SonderjyskE,DEN,1,1465.48205566,2026-05-18,2026-07-26
None,Darmstadt,GER,2,1463.3572998,2026-05-21,2026-08-08
None,Thun,SUI,1,1463.22167969,2026-05-18,2026-07-25
None,Holstein,GER,2,1462.63525391,2026-05-21,2026-08-08
None,Oxford,ENG,2,1462.52368164,2026-05-31,2026-07-03
None,Samsunspor,TUR,1,1461.57702637,2026-05-17,2026-08-29
None,Hertha,GER,2,1461.53942871,2026-05-21,2026-08-07
None,Granada,ESP,2,1461.25683594,2026-05-31,2026-08-29
None,Nuernberg,GER,2,1458.7109375,2026-05-21,2026-08-08
None,Craiova,ROM,1,1458.68530273,2026-05-26,2026-07-18
None,Catanzaro,ITA,2,1458.62243652,2026-05-30,2026-08-29
None,Watford,ENG,2,1458.16186523,2026-05-31,2026-08-16
None,Omonia,CYP,0,1456.90454102,2026-03-20,2026-08-29
None,Lautern,GER,2,1456.03540039,2026-05-21,2026-07-03
None,Pisa,ITA,1,1455.70288086,2026-05-24,2026-08-29
None,Celje,SVN,1,1455.5267334,2026-05-23,2026-08-29
None,Gyoer,HUN,1,1454.81445312,2026-05-17,2026-07-07
None,Ceuta,ESP,2,1454.6652832,2026-05-31,2026-08-29
None,Charlton,ENG,2,1452.98522949,2026-05-31,2026-08-15
None,Stoke,ENG,2,1452.73156738,2026-05-31,2026-08-15
None,LASK,AUT,1,1452.54589844,2026-05-18,2026-07-31
None,Gornik,POL,1,1452.04492188,2026-05-24,2026-08-29
None,Rio Ave,POR,1,1451.29138184,2026-05-17,2026-08-29
None,Nacional,POR,1,1451.03393555,2026-05-17,2026-08-29
None,Goeztepe,TUR,1,1450.39257812,2026-05-17,2026-08-29
None,Lugano,SUI,1,1450.05969238,2026-05-18,2026-07-26
None,Rubin Kazan,RUS,1,1449.72570801,2026-03-16,2026-08-29
None,Cercle Brugge,BEL,1,1445.62512207,2026-05-10,2026-08-29
None,Hradec Kralove,CZE,1,1445.51147461,2026-05-25,2026-08-29
None,Silkeborg,DEN,1,1445.33190918,2026-05-18,2026-07-27
None,Jablonec,CZE,1,1445.09521484,2026-05-25,2026-08-29
None,Malmoe,SWE,1,1444.68383789,2026-05-31,2026-07-04
None,Alverca,POR,1,1443.62670898,2026-05-17,2026-08-29
None,Levski,BUL,1,1441.24841309,2026-05-26,2026-07-07
None,Red Star,FRA,2,1441.0456543,2026-05-31,2026-08-29
None,Go Ahead Eagles,NED,1,1440.8338623,2026-05-18,2026-08-08
None,Legia,POL,1,1440.72375488,2026-05-24,2026-08-29
None,Dynamo Kyiv,UKR,1,1440.28381348,2026-05-25,2026-06-09
None,Mirandes,ESP,2,1440.08032227,2026-06-01,2026-08-29
None,Magdeburg,GER,2,1439.74841309,2026-05-21,2026-08-08
None,Groningen,NED,1,1438.96704102,2026-05-22,2026-08-09
None,Aris,GRE,1,1438.52880859,2026-05-18,2026-08-29
None,M Tel Aviv,ISR,1,1438.46240234,2026-05-24,2026-08-29
None,CFR Cluj,ROM,1,1437.53100586,2026-05-17,2026-07-18
None,Basel,SUI,1,1436.53771973,2026-05-18,2026-07-25
None,Karlsruhe,GER,2,1435.78100586,2026-05-21,2026-08-08
None,Sion,SUI,1,1433.71716309,2026-05-18,2026-07-26
None,Universitatea Cluj,ROM,1,1433.61633301,2026-05-24,2026-07-09
None,Randers,DEN,1,1432.48913574,2026-05-18,2026-07-27
None,Razgrad,BUL,1,1431.40698242,2026-05-30,2026-07-03
None,Slovan Liberec,CZE,1,1431.40270996,2026-05-25,2026-08-29
None,Young Boys,SUI,1,1431.359375,2026-05-18,2026-07-26
None,Odense,DEN,1,1430.63183594,2026-05-18,2026-07-24
None,Zulte Waregem,BEL,1,1430.47912598,2026-05-10,2026-08-29
None,Modena,ITA,2,1429.02441406,2026-05-13,2026-08-29
None,Sociedad B,ESP,2,1428.48071289,2026-05-31,2026-08-29
None,Casa Pia,POR,1,1427.91748047,2026-05-17,2026-08-29
None,IK Sirius,SWE,1,1427.83239746,2026-05-31,2026-07-03
None,Rosenborg,NOR,1,1427.67419434,2026-05-30,2026-07-12
None,Hajduk,CRO,1,1426.87268066,2026-05-23,2026-07-09
None,Steaua,ROM,1,1426.69921875,2026-05-30,2026-07-03
None,Katowice,POL,1,1426.26794434,2026-05-24,2026-08-29
None,Juve Stabia,ITA,2,1425.40319824,2026-05-20,2026-08-29
None,Valladolid,ESP,2,1425.33886719,2026-06-01,2026-08-29
None,Pogon,POL,1,1424.82568359,2026-05-24,2026-08-29
None,Rostov,RUS,1,1424.74609375,2026-03-15,2026-08-29
None,Sandefjord,NOR,1,1423.67443848,2026-05-31,2026-07-12
None,Dunkerque,FRA,2,1423.47265625,2026-05-31,2026-08-29
None,Empoli,ITA,2,1422.83203125,2026-05-09,2026-08-29
None,Leuven,BEL,1,1422.09460449,2026-05-24,2026-08-29
None,Servette,SUI,1,1417.44897461,2026-05-17,2026-07-25
None,Beitar,ISR,1,1414.83398438,2026-05-24,2026-08-29
None,Dresden,GER,2,1414.36047363,2026-05-21,2026-08-08
None,Piast Gliwice,POL,1,1413.75854492,2026-05-24,2026-08-29
None,Fredrikstad,NOR,1,1412.80065918,2026-05-30,2026-07-11
None,Sparta Rotterdam,NED,1,1411.77026367,2026-05-18,2026-08-09
None,Duesseldorf,GER,2,1410.23010254,2026-05-21,2026-07-03
None,Cadiz,ESP,2,1409.97790527,2026-06-01,2026-08-29
None,Terek Grozny,RUS,1,1406.51818848,2026-03-16,2026-08-29
None,Levadeiakos,GRE,1,1405.93115234,2026-05-18,2026-08-29
None,Grenoble,FRA,2,1405.7088623,2026-05-31,2026-08-29
None,Huesca,ESP,2,1405.03857422,2026-06-01,2026-08-29
None,Bielefeld,GER,2,1404.89758301,2026-05-21,2026-08-08
None,Sarpsborg,NOR,1,1403.36450195,2026-05-30,2026-07-12
None,Estrela Amadora,POR,1,1403.16503906,2026-05-17,2026-08-29
None,Radomiak,POL,1,1402.66918945,2026-05-24,2026-08-29
None,Rizespor,TUR,1,1402.17834473,2026-05-16,2026-08-29
None,Mantova,ITA,2,1399.96459961,2026-05-09,2026-08-29
None,Tondela,POR,1,1399.92504883,2026-05-17,2026-08-29
None,Austria Wien,AUT,1,1398.9432373,2026-05-18,2026-08-02
None,Hibernian,SCO,1,1398.91040039,2026-05-17,2026-08-29
None,Alanyaspor,TUR,1,1398.89440918,2026-05-17,2026-08-29
None,Konyaspor,TUR,1,1398.39013672,2026-05-18,2026-08-29
None,Lubin,POL,1,1397.54772949,2026-05-24,2026-08-29
None,Luzern,SUI,1,1397.09777832,2026-05-17,2026-07-25
None,Lechia,POL,1,1396.66125488,2026-05-24,2026-08-29
None,Ham-Kam,NOR,1,1395.87011719,2026-05-30,2026-07-12
None,Guingamp,FRA,2,1394.87780762,2026-05-31,2026-08-29
None,Fuerth,GER,2,1394.82666016,2026-05-21,2026-08-08
None,Telstar,NED,1,1394.69726562,2026-05-18,2026-08-08
None,Cracovia,POL,1,1394.18835449,2026-05-24,2026-08-29
None,Polissya Zhytomyr,UKR,1,1391.21179199,2026-05-25,2026-06-09
None,Sampdoria,ITA,2,1390.78161621,2026-05-09,2026-08-29
None,Clermont,FRA,2,1390.66455078,2026-05-31,2026-08-29
None,Korona,POL,1,1390.38623047,2026-05-24,2026-08-29
None,Motherwell,SCO,1,1389.7043457,2026-05-17,2026-08-29
None,Zwolle,NED,1,1389.37158203,2026-05-18,2026-08-09
None,Elfsborg,SWE,1,1388.13391113,2026-05-30,2026-07-05
None,Rijeka,CRO,1,1387.49780273,2026-05-24,2026-08-29
None,GAIS,SWE,1,1387.08850098,2026-05-31,2026-07-06
None,Carrarese,ITA,2,1385.89782715,2026-05-09,2026-08-29
None,Spezia,ITA,2,1384.77941895,2026-05-09,2026-08-29
None,Zaragoza,ESP,2,1384.69812012,2026-06-01,2026-08-29
None,Laval,FRA,2,1384.28735352,2026-05-31,2026-08-29
None,Haecken,SWE,1,1383.41943359,2026-06-01,2026-07-06
None,Sittard,NED,1,1383.10021973,2026-05-18,2026-08-08
None,Kasimpasa,TUR,1,1383.04516602,2026-05-18,2026-08-29
None,Bastia,FRA,2,1382.39294434,2026-05-31,2026-08-29
None,Avellino,ITA,2,1381.59423828,2026-05-09,2026-08-29
None,Rapid Wien,AUT,1,1381.19360352,2026-05-26,2026-08-02
None,Mlada Boleslav,CZE,1,1381.14978027,2026-05-24,2026-08-29
None,AIK,SWE,1,1381.11547852,2026-05-31,2026-07-05
None,Braunschweig,GER,2,1381.04882812,2026-05-21,2026-08-08
None,Motor Lublin,POL,1,1379.69775391,2026-05-24,2026-08-29
None,Valerenga,NOR,1,1377.26928711,2026-05-30,2026-07-11
None,Excelsior,NED,1,1377.12597656,2026-05-18,2026-08-07
None,Plock,POL,1,1375.22253418,2026-05-24,2026-08-29
None,Lausanne,SUI,1,1374.96118164,2026-05-17,2026-07-25
None,Pau,FRA,2,1374.34655762,2026-05-31,2026-08-29
None,Atromitos,GRE,1,1372.44262695,2026-05-22,2026-08-29
None,Suedtirol,ITA,2,1372.29541016,2026-05-23,2026-08-29
None,Sigma Olomouc,CZE,1,1371.94628906,2026-05-24,2026-08-29
None,Widzew,POL,1,1371.26391602,2026-05-24,2026-08-29
None,Hartberg,AUT,1,1370.59326172,2026-05-18,2026-08-01
None,Eyupspor,TUR,1,1370.07263184,2026-05-18,2026-08-29
None,Goeteborg,SWE,1,1368.79516602,2026-06-01,2026-07-05
None,RAAL,BEL,1,1368.54003906,2026-05-10,2026-08-29
None,Rapid Bucuresti,ROM,1,1368.52380371,2026-05-26,2026-07-20
None,Dinamo Bucuresti,ROM,1,1368.21972656,2026-05-30,2026-07-19
None,Leonesa,ESP,2,1367.80834961,2026-05-31,2026-08-29
None,Paksi,HUN,1,1367.53356934,2026-05-17,2026-08-29
None,Fredericia,DEN,1,1366.58007812,2026-05-18,2026-07-03
None,Slovan Bratislava,SLK,0,1366.51843262,2026-01-01,2026-08-29
None,Bari,ITA,2,1366.16162109,2026-05-23,2026-08-29
None,Kryliya Sovetov,RUS,1,1366.14489746,2026-03-16,2026-08-29
None,Cesena,ITA,2,1365.5480957,2026-05-09,2026-08-29
None,Padova,ITA,2,1365.3984375,2026-05-09,2026-08-29
None,Koper,SVN,1,1364.54040527,2026-05-17,2026-08-29
None,Puskas Akademia,HUN,1,1363.62231445,2026-05-16,2026-08-29
None,KFUM Oslo,NOR,1,1363.44885254,2026-05-30,2026-07-12
None,Lillestrom,NOR,1,1363.40356445,2026-05-31,2026-07-11
None,Akron Togliatti,RUS,1,1360.69018555,2026-03-16,2026-08-29
None,Nancy,FRA,2,1359.40527344,2026-05-31,2026-08-29
None,Entella,ITA,2,1358.08483887,2026-05-09,2026-08-29
None,Varazdin,CRO,1,1357.82263184,2026-05-24,2026-08-29
None,Boulogne,FRA,2,1357.81347656,2026-05-31,2026-08-29
None,CSKA Sofia,BUL,1,1355.23095703,2026-05-26,2026-07-03
None,Gaziantep FK,TUR,1,1354.34484863,2026-05-17,2026-08-29
None,Debrecen,HUN,1,1353.97338867,2026-05-17,2026-08-29
None,Lok Zagreb,CRO,1,1353.19470215,2026-05-24,2026-08-29
None,Kristiansund,NOR,1,1353.01513672,2026-05-30,2026-07-12
None,Muenster,GER,2,1352.77770996,2026-05-21,2026-07-03
None,Pescara,ITA,2,1351.91564941,2026-05-09,2026-08-29
None,FK Astana,KAZ,0,1351.59240723,2026-01-29,2026-07-09
None,Genclerbirligi,TUR,1,1349.63000488,2026-05-18,2026-08-29
None,AVS Futebol,POR,1,1347.30688477,2026-05-17,2026-08-29
None,Maccabi Haifa,ISR,1,1347.22473145,2026-05-24,2026-08-29
None,Pardubice,CZE,1,1346.9642334,2026-05-11,2026-08-29
None,Banik Ostrava,CZE,1,1346.56262207,2026-05-24,2026-08-29
None,Bohemians Praha,CZE,1,1344.51184082,2026-05-11,2026-07-09
None,Dender,BEL,1,1344.01013184,2026-05-10,2026-08-29
None,Orenburg,RUS,1,1343.03881836,2026-03-14,2026-08-29
None,Kocaelispor,TUR,1,1342.98779297,2026-05-18,2026-08-29
None,Partizan,SRB,1,1342.41906738,2026-05-24,2026-08-29
None,Sheffield Weds,ENG,2,1342.17150879,2026-05-31,2026-07-03
None,OFI,GRE,1,1339.29418945,2026-05-18,2026-08-29
None,Dynamo Makhachkala,RUS,1,1339.20922852,2026-03-14,2026-08-29
None,Vejle,DEN,1,1338.50378418,2026-05-18,2026-07-03
None,Nizhny Novgorod,RUS,1,1337.80126953,2026-03-16,2026-08-29
None,Sheriff Tiraspol,MOL,0,1337.35595703,2026-01-01,2026-07-09
None,Volendam,NED,1,1335.65075684,2026-05-18,2026-07-03
None,Zalaegerszegi,HUN,1,1335.47631836,2026-05-17,2026-08-29
None,Maribor,SVN,1,1334.22265625,2026-05-24,2026-07-19
None,Reggiana,ITA,2,1334.0456543,2026-05-09,2026-08-29
None,Trnava,SLK,0,1333.72814941,2026-01-01,2026-08-29
None,Kayseri,TUR,1,1333.65478516,2026-05-18,2026-08-29
None,Wolfsberg,AUT,1,1333.65039062,2026-05-20,2026-08-02
None,Zilina,SLK,0,1333.45056152,2026-01-01,2026-07-09
None,H Tel Aviv,ISR,1,1333.1138916,2026-05-24,2026-08-29
None,Karvina,CZE,1,1331.0255127,2026-05-24,2026-08-29
None,Breda,NED,1,1330.49755859,2026-05-18,2026-07-03
None,Osijek,CRO,1,1330.08520508,2026-05-23,2026-08-29
None,Metalist 1925,UKR,1,1329.27368164,2026-05-25,2026-06-09
None,Antalyaspor,TUR,1,1328.71740723,2026-05-18,2026-08-29
None,Teplice,CZE,1,1328.1394043,2026-05-24,2026-08-29
None,LNZ,UKR,1,1325.71313477,2026-05-25,2026-06-09
None,Fatih Karaguemruek,TUR,1,1325.40686035,2026-05-17,2026-08-29
None,Kosice,SLK,0,1324.39245605,2026-01-01,2026-08-29
None,Arka,POL,1,1323.94714355,2026-05-24,2026-08-29
None,Zira,AZE,0,1319.08618164,2026-02-25,2026-07-08
None,Olimpija Ljubljana,SVN,1,1317.77832031,2026-05-24,2026-08-29
None,Asteras Tripolis,GRE,1,1313.69946289,2026-05-22,2026-08-29
None,Nakchivan,AZE,0,1313.20251465,2026-02-25,2026-08-29
None,Shamrock,IRL,0,1313.01416016,2026-01-01,2026-07-07
None,CSKA 1948 Sofia,BUL,1,1312.79211426,2026-05-26,2026-07-17
None,Sabah,AZE,0,1311.19018555,2026-02-25,2026-07-07
None,Zuerich,SUI,1,1307.39770508,2026-05-17,2026-07-26
None,Arges Pitesti,ROM,1,1306.64868164,2026-03-14,2026-07-03
None,UTA Arad,ROM,1,1305.11437988,2026-05-19,2026-07-18
None,Nieciecza,POL,1,1304.40112305,2026-05-24,2026-08-29
None,Karpaty,UKR,1,1302.12548828,2026-05-24,2026-06-09
None,Ried,AUT,1,1301.83740234,2026-05-26,2026-08-02
None,HNK Gorica,CRO,1,1300.91821289,2026-05-24,2026-08-29
None,BW Linz,AUT,1,1300.86425781,2026-05-17,2026-07-03
None,Kryvbas,UKR,1,1299.41247559,2026-05-24,2026-06-09
None,Altach,AUT,1,1298.19055176,2026-05-17,2026-08-02
None,Sochi,RUS,1,1297.66748047,2026-03-15,2026-08-29
None,Kilmarnock,SCO,1,1297.11791992,2026-05-18,2026-08-29
None,Kuopio,FIN,0,1296.51403809,2026-02-27,2026-07-07
None,Otelul Galati,ROM,1,1296.07861328,2026-05-19,2026-07-18
None,Amiens,FRA,2,1295.50183105,2026-05-31,2026-08-29
None,Bravo,SVN,1,1294.92614746,2026-05-24,2026-08-29
None,Start,NOR,1,1294.83154297,2026-05-30,2026-07-12
None,Kairat,KAZ,0,1294.38867188,2026-01-29,2026-07-08
None,Noah,ARM,0,1294.14257812,2026-02-27,2026-08-29
None,Viitorul,ROM,1,1293.85339355,2026-05-19,2026-07-19
None,Panetolikos,GRE,1,1292.25964355,2026-05-22,2026-08-29
None,Wattens,AUT,1,1292.03271484,2026-05-17,2026-08-01
None,Ujpest,HUN,1,1291.9354248,2026-05-17,2026-08-29
None,Aalesund,NOR,1,1291.39440918,2026-05-30,2026-07-11
None,Istra 1961,CRO,1,1291.16687012,2026-05-24,2026-08-29
None,Kolos,UKR,1,1290.94482422,2026-05-22,2026-06-09
None,Tescoma Zlin,CZE,1,1290.1361084,2026-05-24,2026-08-29
None,Grasshoppers,SUI,1,1289.90795898,2026-05-19,2026-07-25
None,Kifisias,GRE,1,1289.77783203,2026-05-22,2026-08-29
None,Novi Sad,SRB,1,1288.29553223,2026-05-24,2026-07-09
None,Brommapojkarna,SWE,1,1286.93859863,2026-06-01,2026-07-06
None,Dundee United,SCO,1,1286.71264648,2026-05-18,2026-08-29
None,Pyunik,ARM,0,1286.7109375,2026-02-27,2026-07-09
None,Nyiregyhaza,HUN,1,1285.84594727,2026-05-16,2026-08-29
None,Vikingur,ISL,0,1285.12316895,2026-01-01,2026-07-07
None,Slovacko,CZE,1,1284.80163574,2026-05-24,2026-08-29
None,FK Riga,LAT,0,1283.32739258,2026-01-01,2026-07-07
None,MTK,HUN,1,1283.06347656,2026-05-16,2026-08-29
None,Zrinjski Mostar,BHZ,0,1283.0456543,2026-02-27,2026-07-03
None,Slaven Belupo,CRO,1,1282.4810791,2026-05-23,2026-08-29
None,Vaduz,LIE,0,1280.60302734,2026-02-27,2026-07-26
None,Heracles,NED,1,1280.49182129,2026-05-18,2026-07-03
None,GAK,AUT,1,1279.8104248,2026-05-17,2026-07-31
None,Cherno More,BUL,1,1279.59619141,2026-05-26,2026-07-03
None,St Patricks,IRL,0,1278.34521484,2026-01-01,2026-08-29
None,Botosani,ROM,1,1277.43041992,2026-05-25,2026-07-17
None,Halmstad,SWE,1,1272.30566406,2026-05-31,2026-07-04
None,Degerfors,SWE,1,1271.91052246,2026-06-01,2026-07-04
None,Netanya,ISR,1,1271.08190918,2026-05-19,2026-08-29
None,Falkirk,SCO,1,1270.04736328,2026-05-17,2026-08-29
None,Zorya,UKR,1,1268.67016602,2026-05-24,2026-06-09
None,Aarau,SUI,1,1267.46691895,2026-05-19,2026-08-29
None,Csikszereda,ROM,1,1267.13671875,2026-05-17,2026-07-03
None,Petrolul Ploiesti,ROM,1,1266.38818359,2026-05-19,2026-07-19
None,Dundee,SCO,1,1266.15893555,2026-05-18,2026-08-29
None,Vaesteras,SWE,1,1264.99938965,2026-06-01,2026-07-04
None,Dukla,CZE,1,1264.53088379,2026-05-24,2026-08-29
None,Arda,BUL,1,1262.6151123,2026-05-26,2026-07-03
None,Kisvarda,HUN,1,1261.06713867,2026-05-17,2026-08-29
None,NFC Volos,GRE,1,1259.16870117,2026-05-18,2026-08-29
None,Aberdeen,SCO,1,1258.19970703,2026-05-18,2026-08-29
None,Oergryte,SWE,1,1257.30456543,2026-05-30,2026-07-05
None,Hermannstadt,ROM,1,1250.74975586,2026-05-19,2026-07-03
None,Ararat,ARM,0,1246.33862305,2026-02-27,2026-07-07
None,Kalmar,SWE,1,1246.30627441,2026-05-31,2026-07-05
None,Aktobe,KAZ,0,1243.37133789,2026-01-29,2026-08-29
None,St Mirren,SCO,1,1243.31494141,2026-05-18,2026-08-29
None,Drita,KOS,0,1242.50073242,2026-02-27,2026-07-07
None,Larisa,GRE,1,1241.21716309,2026-05-22,2026-08-29
None,Shelbourne,IRL,0,1240.87084961,2026-01-01,2026-08-29
None,Zeleznicar Pancevo,SRB,1,1240.40429688,2026-05-23,2026-08-29
None,Diosgyori,HUN,1,1237.07165527,2026-05-17,2026-08-29
None,Derry City,IRL,0,1233.97900391,2026-01-01,2026-07-09
None,Botev Plovdiv,BUL,1,1233.97167969,2026-05-26,2026-07-03
None,Veres,UKR,1,1232.84753418,2026-05-25,2026-06-09
None,Winterthur,SUI,1,1232.13244629,2026-05-17,2026-08-29
None,Breidablik,ISL,0,1231.23120117,2026-01-01,2026-07-03
None,Inter Turku,FIN,0,1231.09387207,2026-02-27,2026-07-09
None,Hapoel Jerusalem,ISR,1,1230.98950195,2026-05-19,2026-08-29
None,Hapoel Haifa,ISR,1,1230.6484375,2026-05-19,2026-08-29
None,Bnei Sakhinin,ISR,1,1229.75512695,2026-05-19,2026-08-29
None,H Petach Tikva,ISR,1,1228.65100098,2026-05-24,2026-08-29
None,Shkendija,MAC,0,1226.55493164,2026-02-27,2026-07-09
None,Panserraikos,GRE,1,1226.01782227,2026-05-22,2026-08-29
None,RFS,LAT,0,1221.79467773,2026-01-01,2026-07-09
None,Zeljeznicar,BHZ,0,1217.75280762,2026-02-27,2026-07-03
None,Ironi Tiberias,ISR,1,1212.53625488,2026-05-19,2026-08-29
None,Valur,ISL,0,1211.37255859,2026-01-01,2026-07-03
None,FK Sarajevo,BHZ,0,1211.23156738,2026-02-27,2026-07-09
None,Borac Banja Luka,BHZ,0,1210.83227539,2026-02-27,2026-07-07
None,Lok Plovdiv,BUL,1,1205.97167969,2026-05-30,2026-07-03
None,Ilves Tampere,FIN,0,1205.37280273,2026-02-27,2026-07-08
None,Dinamo Minsk,BLR,0,1202.69592285,2026-01-01,2026-07-09
None,Ordabasy,KAZ,0,1202.21813965,2026-01-29,2026-08-29
None,Kiryat Shmona,ISR,1,1201.35681152,2026-05-19,2026-08-29
None,Akureyri,ISL,0,1199.48815918,2026-01-01,2026-07-03
None,Slavia Sofia,BUL,1,1199.17614746,2026-05-23,2026-07-03
None,OFK,SRB,1,1199.15283203,2026-05-23,2026-08-29
None,Cukaricki,SRB,1,1198.3515625,2026-05-23,2026-08-29
None,Olexandriya,UKR,1,1197.18640137,2026-05-24,2026-06-09
None,Novi Pazar,SRB,1,1194.02624512,2026-05-24,2026-08-29
None,Lok Sofia,BUL,1,1193.53747559,2026-05-23,2026-07-03
None,Rukh Lviv,UKR,1,1192.74328613,2026-05-25,2026-06-09
None,Unirea Slobozia,ROM,1,1191.58154297,2026-05-19,2026-07-03
None,Klaksvik,FAR,0,1189.47131348,2026-01-01,2026-08-29
None,Kragujevac,SRB,1,1187.92358398,2026-05-25,2026-08-29
None,Radomlje,SVN,1,1187.16796875,2026-05-23,2026-08-29
None,Backa Topola,SRB,1,1185.84375,2026-05-25,2026-08-29
None,Ballkani,KOS,0,1185.13781738,2026-02-27,2026-07-08
None,Dinamo Tirana,ALB,0,1183.72375488,2026-01-01,2026-07-09
None,Obolon Kyiv,UKR,1,1180.98803711,2026-05-25,2026-06-09
None,Banants,ARM,0,1179.4342041,2026-02-27,2026-08-29
None,Auda,LAT,0,1179.07128906,2026-01-01,2026-07-03
None,Neman Grodno,BLR,0,1179.02661133,2026-01-01,2026-08-29
None,Ashdod,ISR,1,1172.46374512,2026-05-19,2026-08-29
None,Daugavpils,LAT,0,1171.93493652,2026-01-01,2026-07-03
None,Kazincbarcika,HUN,1,1168.09191895,2026-05-16,2026-08-29
None,Zalgiris Vilnius,LIT,0,1167.50366211,2026-01-01,2026-07-09
None,IMT,SRB,1,1167.2331543,2026-05-25,2026-08-29
None,Episentr,UKR,1,1165.83862305,2026-05-24,2026-06-09
None,Botev Vratsa,BUL,1,1165.69091797,2026-05-23,2026-07-03
None,Livingston,SCO,1,1163.26220703,2026-05-18,2026-08-29
None,Torpedo Kutaisi,GEO,0,1159.65441895,2026-01-01,2026-07-08
None,Radnik Surdulica,SRB,1,1159.57324219,2026-05-24,2026-08-29
None,Petrocub,MOL,0,1159.45910645,2026-01-01,2026-07-08
None,Partizani Tirana,ALB,0,1158.83312988,2026-01-01,2026-08-29
None,Egnatia,ALB,0,1157.89331055,2026-01-01,2026-07-08
None,FC Spaeri,GEO,0,1150.32836914,2026-01-01,2026-08-29
None,Dila Gori,GEO,0,1149.45703125,2026-01-01,2026-07-09
None,Saburtalo,GEO,0,1149.44433594,2026-01-01,2026-07-08
None,Vllaznia,ALB,0,1145.86279297,2026-01-01,2026-07-09
None,Vukovar,CRO,1,1141.32226562,2026-05-23,2026-08-29
None,Mura,SVN,1,1140.62060547,2026-05-23,2026-08-29
None,Metaloglobus,ROM,1,1138.28759766,2026-05-19,2026-07-03
None,Aluminij,SVN,1,1136.16748047,2026-05-24,2026-07-09
None,Mladost Lucani,SRB,1,1133.2512207,2026-05-25,2026-08-29
None,Kudrivka,UKR,1,1131.6763916,2026-05-25,2026-06-09
None,Kauno Zalgiris,LIT,0,1131.27331543,2026-01-01,2026-07-07
None,Flora Tallinn,EST,0,1130.34924316,2026-01-01,2026-07-08
None,Maccabi Bnei Raina,ISR,1,1127.99316406,2026-05-19,2026-08-29
None,Levski Krumovgrad,BUL,1,1127.7421875,2026-02-27,2026-07-03
None,Dinamo Brest,BLR,0,1124.8527832,2026-01-01,2026-08-29
None,Zimbru,MOL,0,1121.74816895,2026-01-01,2026-08-29
None,Nis,SRB,1,1120.02661133,2026-05-25,2026-08-29
None,Ivanjica,SRB,1,1117.99780273,2026-05-25,2026-08-29
None,Beroe Stara Zagora,BUL,1,1117.53771973,2026-05-23,2026-07-03
None,Hamrun,MLT,0,1116.77966309,2026-01-01,2026-07-09
None,Domzale,SVN,1,1115.6730957,2026-03-20,2026-08-29
None,Linfield,NIR,0,1112.89929199,2026-01-01,2026-07-09
None,Banga,LIT,0,1112.11181641,2026-01-01,2026-08-29
None,Primorje,SVN,1,1110.8092041,2026-05-23,2026-08-29
None,Torpedo Zhodino,BLR,0,1109.97851562,2026-01-01,2026-08-29
None,Milsami Orhei,MOL,0,1106.4597168,2026-01-01,2026-07-09
None,Hegelmann,LIT,0,1105.8293457,2026-01-01,2026-07-09
None,Spartak Varna,BUL,1,1099.84106445,2026-05-23,2026-07-17
None,Vardar,MAC,0,1099.73193359,2026-02-27,2026-07-07
None,Decic,MNT,0,1098.27709961,2026-01-01,2026-07-09
None,Septemvri Sofia,BUL,1,1095.19165039,2026-05-23,2026-07-03
None,Sileks,MAC,0,1091.06091309,2026-02-27,2026-07-09
None,Paide Linnameeskond,EST,0,1082.51745605,2026-01-01,2026-07-09
None,Sutjeska,MNT,0,1082.15710449,2026-01-01,2026-07-08
None,Rabotnicki,MAC,0,1081.38427734,2026-02-27,2026-08-29
None,Prishtine,KOS,0,1080.05297852,2026-02-27,2026-08-29
None,SK Poltava,UKR,1,1070.24304199,2026-05-24,2026-06-09
None,Nomme Kalju,EST,0,1067.46813965,2026-01-01,2026-07-09
None,The New Saints,WAL,0,1066.42773438,2026-01-01,2026-07-07
None,Lincoln,GIB,0,1065.0925293,2026-01-01,2026-07-07
None,Differdang,LUX,0,1064.40563965,2026-01-01,2026-07-08
None,Floriana,MLT,0,1063.39416504,2026-01-01,2026-07-07
None,Larne,NIR,0,1059.32751465,2026-01-01,2026-07-07
None,R Letzebuerg,LUX,0,1055.80236816,2026-01-01,2026-08-29
None,Hibernians Paola,MLT,0,1055.26086426,2026-01-01,2026-07-03
None,Blagoevgrad,BUL,1,1053.63269043,2026-02-27,2026-07-03
None,Malisheva,KOS,0,1053.15783691,2026-02-27,2026-07-09
None,Dungannon,NIR,0,1052.24328613,2026-01-01,2026-07-03
None,Dobrudzha,BUL,1,1051.75891113,2026-05-23,2026-07-03
None,Birkirkara,MLT,0,1050.81762695,2026-01-01,2026-07-03
None,FC Infonet,EST,0,1050.10693359,2026-01-01,2026-07-09
None,HB Torshavn,FAR,0,1050.02600098,2026-01-01,2026-08-29
None,Zlatibor,SRB,1,1047.96862793,2026-05-25,2026-08-29
None,Una Strassen,LUX,0,1047.87158203,2026-01-01,2026-07-07
None,Montana 1921,BUL,1,1042.7578125,2026-05-23,2026-07-03
None,Runavik,FAR,0,1039.27258301,2026-01-01,2026-07-09
None,Hebar,BUL,1,1036.60644531,2026-02-27,2026-07-03
None,Dudelange,LUX,0,1035.68371582,2026-01-01,2026-08-29
None,Podgorica,MNT,0,1034.60522461,2026-01-01,2026-07-03
None,Gota,FAR,0,1033.25927734,2026-01-01,2026-07-09
None,Cliftonville,NIR,0,1032.94494629,2026-01-01,2026-07-03
None,Escaldes,AND,0,1002.06817627,2026-01-01,2026-07-07
None,Krusevac,SRB,1,996.298400879,2026-05-25,2026-08-29
None,Penybont,WAL,0,988.081848145,2026-01-01,2026-07-09
None,Haverfordwest,WAL,0,985.360229492,2026-01-01,2026-07-03
None,St Josephs,GIB,0,968.097045898,2026-01-01,2026-07-09
None,Santa Coloma,AND,0,954.305236816,2026-01-01,2026-07-09
None,Atletic Club Escaldes,AND,0,944.222595215,2026-01-01,2026-07-09
None,FCB Magpies,GIB,0,935.020568848,2026-01-01,2026-07-03
None,SS Virtus,SMR,0,767.627746582,2026-01-01,2026-07-09
None,Tre Fiori,SMR,0,736.193237305,2026-01-01,2026-07-07
None,La Fiorita,SMR,0,716.190124512,2026-01-01,2026-07-07


