Competition,home_team,away_team,match_date,Time,home_goals,away_goals,HG1st,AG1st,HG2nd,AG2nd,HGET,AGET,HGP,HGP.1,Finished,HS,AS,HST,AST,HF,AF,HC,AC,HY,AY,HR,AR,HxG,AxG,bet365-H,bet365-D,bet365-A,Betfair_Exch-H,Betfair_Exch-D,Betfair_Exch-A,H-Max,D-Max,A-Max,odds_home_avg,odds_draw_avg,odds_away_avg,mkt_p_home,mkt_p_draw,mkt_p_away
World Cup 2026,Mexico,South Africa,2026-06-11,20:00:00,2,0,1,0,1,0,,,,,90 minutes,16,3,4,2,12,11,3,1,1,2,1,2,1.46,0.08,1.42,4.33,8.5,1.45,4.6,9.6,1.44,4.5,9.1,1.41,4.33,8.26,0.6682985255345428,0.21762145981609823,0.114080014649359
World Cup 2026,South Korea,Czech Republic,2026-06-12,03:00:00,2,1,0,0,2,1,,,,,90 minutes,15,7,6,4,9,16,4,5,1,0,0,0,2.3,0.83,2.55,3.1,3.0,2.64,3.2,3.15,2.66,3.2,3.05,2.54,3.06,2.93,0.3707879108699608,0.30777820052604593,0.3214338886039933
World Cup 2026,Canada,Bosnia and Herzegovina,2026-06-12,20:00:00,1,1,0,1,1,0,,,,,90 minutes,13,8,4,3,10,20,9,4,2,3,0,0,1.23,0.98,1.8,3.5,4.75,1.89,3.65,4.9,1.85,3.55,4.8,1.82,3.45,4.52,0.5180834169451882,0.27330777357688196,0.2086088094779298
World Cup 2026,United States,Paraguay,2026-06-13,02:00:00,4,1,3,0,1,1,,,,,90 minutes,16,9,6,1,13,17,3,1,1,5,0,0,1.34,0.47,2.05,3.3,3.8,2.14,3.3,4.3,2.07,3.4,4.0,2.03,3.21,3.84,0.46273917989030666,0.29263568074059887,0.24462513936909439
World Cup 2026,Qatar,Switzerland,2026-06-13,20:00:00,1,1,0,1,1,0,,,,,90 minutes,6,26,3,7,12,11,3,10,2,1,0,0,0.6,3.2,15.0,7.5,1.18,18.5,8.2,1.2,17.0,7.5,1.22,14.57,6.88,1.19,0.06509810594344626,0.1378603784296529,0.7970415156269007
World Cup 2026,Brazil,Morocco,2026-06-13,23:00:00,1,1,1,1,0,0,,,,,90 minutes,12,14,5,3,16,14,6,2,2,0,0,0,1.26,1.36,1.65,3.8,5.5,1.73,3.85,6.0,1.77,3.8,5.8,1.66,3.67,5.41,0.5684546560732947,0.2571211795862859,0.17442416434041944
World Cup 2026,Haiti,Scotland,2026-06-14,02:00:00,0,1,0,1,0,0,,,,,90 minutes,15,9,2,2,23,21,4,3,1,3,0,0,1.04,1.05,5.0,4.33,1.62,5.8,4.5,1.64,6.0,4.6,1.65,5.41,4.29,1.56,0.17454989319499545,0.22012002848133455,0.60533007832367
World Cup 2026,Australia,Turkey,2026-06-14,05:00:00,2,0,1,0,1,0,,,,,90 minutes,9,30,4,8,12,4,5,8,0,1,0,0,1.18,1.36,5.25,3.75,1.7,5.9,3.8,1.75,5.6,3.8,1.7,5.17,3.69,1.68,0.18253288224226416,0.25574390276219666,0.5617232149955391
World Cup 2026,Germany,Curaçao,2026-06-14,18:00:00,7,1,3,1,4,0,,,,,90 minutes,26,8,12,2,18,11,8,1,0,0,0,0,4.22,0.41,1.04,17.0,41.0,1.06,26.0,48.0,1.05,26.0,71.0,1.03,18.1,49.67,0.9279511443750561,0.05280605959703358,0.019242796027910365
World Cup 2026,Netherlands,Japan,2026-06-14,21:00:00,2,2,0,0,2,2,,,,,90 minutes,10,10,6,3,7,7,5,4,3,0,0,0,0.79,0.59,2.0,3.5,3.8,2.1,3.6,4.0,2.02,3.5,3.9,1.99,3.43,3.72,0.47278615389745854,0.2742986723778258,0.2529151737247157
World Cup 2026,Ivory Coast,Ecuador,2026-06-15,00:00:00,1,0,0,0,1,0,,,,,90 minutes,15,12,4,1,10,13,3,5,3,1,0,0,1.52,1.02,3.25,2.9,2.45,3.45,3.0,2.62,3.35,3.0,2.56,3.22,2.89,2.45,0.2916750771360189,0.32498053577092767,0.3833443870930534
World Cup 2026,Sweden,Tunisia,2026-06-15,03:00:00,5,1,2,1,3,0,,,,,90 minutes,13,6,7,2,10,8,4,2,0,1,0,0,1.34,0.27,1.85,3.4,4.33,1.95,3.5,4.8,1.94,3.55,4.6,1.85,3.4,4.36,0.5080191912268677,0.2764222069910898,0.2155586017820425
World Cup 2026,Spain,Cape Verde,2026-06-15,17:00:00,0,0,0,0,0,0,,,,,90 minutes,27,6,7,1,10,1,11,1,1,1,0,0,2.1,0.21,1.07,13.0,26.0,1.1,14.5,36.0,1.1,14.0,32.0,1.08,11.58,26.2,0.8814567412283149,0.08220840073631952,0.03633485803536565
World Cup 2026,Belgium,Egypt,2026-06-15,20:00:00,1,1,0,1,1,0,,,,,90 minutes,15,14,3,3,15,15,2,7,2,2,0,0,1.35,1.08,1.5,4.2,6.5,1.54,4.4,7.6,1.57,4.3,6.9,1.51,4.14,6.22,0.6220841466478558,0.22689542546817928,0.151020427883965
World Cup 2026,Saudi Arabia,Uruguay,2026-06-15,23:00:00,1,1,1,0,0,1,,,,,90 minutes,7,27,3,10,11,6,4,14,1,0,0,0,0.66,1.72,7.5,4.0,1.5,8.4,4.3,1.53,8.0,4.25,1.5,7.5,4.11,1.46,0.12559967849697334,0.2291964936076156,0.645203827895411
World Cup 2026,Iran,New Zealand,2026-06-16,02:00:00,2,2,1,1,1,1,,,,,90 minutes,17,14,4,8,10,8,4,1,1,0,0,0,1.5,1.24,1.85,3.4,4.5,1.91,3.6,5.0,1.87,3.5,5.0,1.81,3.37,4.7,0.5202376690304378,0.27941548395996807,0.20034684700959413
World Cup 2026,France,Senegal,2026-06-16,20:00:00,3,1,0,0,3,1,,,,,90 minutes,11,6,8,2,5,9,6,4,0,0,0,0,1.78,0.53,1.48,4.5,6.5,1.52,4.6,7.6,1.52,4.55,7.2,1.47,4.41,6.42,0.6400797607178466,0.21335992023928216,0.1465603190428714
World Cup 2026,Iraq,Norway,2026-06-16,23:00:00,1,4,1,2,0,2,,,,,90 minutes,11,12,1,5,12,13,2,5,1,0,0,0,0.8,2.52,12.0,7.0,1.2,15.5,7.2,1.25,15.0,7.5,1.24,13.1,6.5,1.21,0.07224477798394356,0.14560101409071702,0.7821542079253393
World Cup 2026,Argentina,Algeria,2026-06-17,02:00:00,3,0,1,0,2,0,,,,,90 minutes,10,7,6,0,13,8,2,2,0,0,0,0,1.26,0.33,1.55,4.0,6.5,1.58,4.2,7.4,1.55,4.2,7.1,1.51,4.06,6.48,0.6230739717981632,0.23173440823035135,0.14519161997148555
World Cup 2026,Austria,Jordan,2026-06-17,05:00:00,3,1,1,0,2,1,,,,,90 minutes,11,11,4,4,12,7,4,3,1,0,0,0,1.69,0.46,1.4,4.75,8.0,1.43,5.0,9.6,1.4,4.8,9.2,1.38,4.69,8.33,0.684974042391291,0.20154886535180838,0.11347709225690053
World Cup 2026,Portugal,DR Congo,2026-06-17,18:00:00,1,1,1,1,0,0,,,,,90 minutes,7,8,1,2,9,10,5,4,3,1,0,0,0.65,0.87,1.29,5.25,11.0,1.3,6.0,14.5,1.29,6.0,12.0,1.26,5.54,11.37,0.747241875097869,0.16995031816305325,0.08280780673907784
World Cup 2026,England,Croatia,2026-06-17,21:00:00,4,2,2,2,2,0,,,,,90 minutes,22,10,11,5,10,12,8,2,0,0,0,0,3.21,0.7,1.67,3.9,5.25,1.7,4.0,5.9,1.68,3.9,5.6,1.65,3.78,5.29,0.5719458721972902,0.24965891246707114,0.1783952153356387
World Cup 2026,Ghana,Panama,2026-06-18,00:00:00,1,0,0,0,1,0,,,,,90 minutes,8,11,2,4,9,11,2,2,1,2,0,0,1.31,0.73,2.35,3.2,3.2,2.46,3.25,3.45,2.38,3.25,3.38,2.3,3.16,3.18,0.40797700440099394,0.2969452880133816,0.2950777075856245
World Cup 2026,Uzbekistan,Colombia,2026-06-18,03:00:00,1,3,0,1,1,2,,,,,90 minutes,8,15,2,4,14,11,3,4,1,1,0,0,1.16,1.61,11.0,5.25,1.3,12.5,5.4,1.35,11.5,5.5,1.37,9.97,5.16,1.31,0.09485094470676554,0.18326820130357604,0.7218808539896583
World Cup 2026,Czech Republic,South Africa,2026-06-18,17:00:00,1,1,1,0,0,1,,,,,90 minutes,14,17,3,4,12,10,5,5,1,2,0,0,1.02,1.38,1.85,3.5,4.2,1.97,3.5,4.7,1.88,3.55,4.6,1.84,3.41,4.33,0.5090271625027148,0.27466568299266725,0.21630715450461785
World Cup 2026,Switzerland,Bosnia and Herzegovina,2026-06-18,20:00:00,4,1,0,0,4,1,,,,,90 minutes,13,5,7,3,7,18,7,3,1,2,0,1,2.06,0.23,1.53,4.0,6.5,1.58,4.3,7.0,1.55,4.2,6.5,1.52,4.12,6.15,0.6187787557022986,0.22828730792900334,0.15293393636869818
World Cup 2026,Canada,Qatar,2026-06-18,23:00:00,6,0,3,0,3,0,,,,,90 minutes,32,2,10,0,9,10,19,1,1,1,0,2,4.6,0.22,1.25,6.0,12.0,1.27,6.4,15.5,1.29,6.5,13.5,1.25,5.84,11.38,0.7553538021599332,0.16167675559930075,0.08296944224076594
World Cup 2026,Mexico,South Korea,2026-06-19,02:00:00,1,0,0,0,1,0,,,,,90 minutes,8,9,4,2,9,7,0,2,0,2,0,0,0.52,0.91,2.0,3.25,4.0,2.12,3.2,4.5,2.13,3.3,4.1,2.02,3.19,3.94,0.4660007711929762,0.29508512784006646,0.23891410096695734
World Cup 2026,United States,Australia,2026-06-19,20:00:00,2,0,2,0,0,0,,,,,90 minutes,10,5,2,2,12,16,7,4,3,4,0,0,1.08,0.34,1.53,4.33,5.75,1.61,4.5,6.0,1.61,4.4,6.5,1.55,4.08,5.79,0.6069416289627637,0.23057831492457936,0.16248005611265695
World Cup 2026,Scotland,Morocco,2026-06-19,23:00:00,0,1,0,1,0,0,,,,,90 minutes,6,12,0,2,11,8,2,5,1,1,0,0,0.52,1.0,5.25,3.75,1.67,6.2,3.8,1.72,5.8,3.8,1.72,5.42,3.61,1.67,0.17400703682644322,0.26125156221587875,0.5647414009576781
World Cup 2026,Brazil,Haiti,2026-06-20,01:30:00,3,0,3,0,0,0,,,,,90 minutes,8,7,5,3,13,14,4,4,1,3,0,0,1.75,0.23,1.1,11.0,21.0,1.13,12.5,22.0,1.11,11.5,27.0,1.09,10.41,22.75,0.8675893013163626,0.0908426838073809,0.0415680148762565
World Cup 2026,Turkey,Paraguay,2026-06-20,04:00:00,0,1,0,1,0,0,,,,,90 minutes,32,7,5,2,14,15,12,0,1,1,0,1,2.17,0.33,2.1,3.3,3.6,2.14,3.4,4.0,2.1,3.45,4.0,2.02,3.32,3.72,0.464803998313964,0.2828024327090986,0.25239356897693743
World Cup 2026,Netherlands,Sweden,2026-06-20,18:00:00,5,1,2,0,3,1,,,,,90 minutes,10,16,7,8,9,12,2,5,0,3,0,0,2.6,1.01,1.7,4.0,4.75,1.76,4.1,5.2,1.71,4.1,5.0,1.68,3.96,4.68,0.5607843137254903,0.2379084967320262,0.2013071895424837
World Cup 2026,Germany,Ivory Coast,2026-06-20,21:00:00,2,1,0,1,2,0,,,,,90 minutes,16,9,7,2,5,7,8,3,0,0,0,0,1.89,1.22,1.44,4.75,6.5,1.49,5.0,7.6,1.53,4.8,7.1,1.46,4.65,6.3,0.6469458062806415,0.2031270703590831,0.14992712336027564
World Cup 2026,Ecuador,Curaçao,2026-06-21,01:00:00,0,0,0,0,0,0,,,,,90 minutes,27,10,15,3,7,10,9,0,1,5,0,0,2.84,0.5,1.14,9.0,15.0,1.18,10.0,18.0,1.17,9.5,20.0,1.15,8.15,16.47,0.8258127824243972,0.11652573003534436,0.05766148754025845
World Cup 2026,Tunisia,Japan,2026-06-21,05:00:00,0,4,0,2,0,2,,,,,90 minutes,2,11,0,5,8,15,3,5,0,0,0,0,0.04,2.13,8.5,4.5,1.4,9.2,4.5,1.48,8.5,4.6,1.48,7.69,4.3,1.43,0.12245905916232346,0.21900236394378314,0.6585385768938934
World Cup 2026,Spain,Saudi Arabia,2026-06-21,17:00:00,4,0,3,0,1,0,,,,,90 minutes,22,3,8,1,10,2,6,1,0,2,0,0,2.3,0.13,1.1,11.0,21.0,1.12,13.0,28.0,1.11,13.0,27.0,1.09,10.69,22.81,0.8697539074719488,0.08868398121089097,0.041562111317160214
World Cup 2026,Belgium,Iran,2026-06-21,20:00:00,0,0,0,0,0,0,,,,,90 minutes,23,7,7,3,7,9,4,2,1,1,1,0,1.79,0.62,1.42,4.5,8.0,1.45,4.8,9.8,1.44,4.8,8.5,1.4,4.53,7.87,0.6725214153262241,0.20784326301472708,0.11963532165904878
World Cup 2026,Uruguay,Cape Verde,2026-06-21,23:00:00,2,2,2,1,0,1,,,,,90 minutes,17,12,2,4,11,4,11,4,2,2,0,0,2.31,0.88,1.38,4.75,8.5,1.41,4.9,11.0,1.41,5.0,10.0,1.37,4.5,9.1,0.6872881071464537,0.2092410459534759,0.1034708469000705
World Cup 2026,New Zealand,Egypt,2026-06-22,02:00:00,1,3,1,0,0,3,,,,,90 minutes,11,19,5,7,14,8,4,3,2,1,0,0,1.24,1.87,5.75,3.9,1.62,6.2,4.0,1.68,6.0,4.0,1.67,5.64,3.76,1.61,0.16658044490429386,0.24987066735644076,0.5835488877392654
World Cup 2026,Argentina,Austria,2026-06-22,18:00:00,2,0,1,0,1,0,,,,,90 minutes,12,6,5,1,13,13,1,3,2,2,0,0,2.36,0.53,1.44,4.33,7.5,1.49,4.5,8.8,1.48,4.4,8.0,1.44,4.33,7.32,0.6539004282920308,0.2174634218800287,0.12863614982794047
World Cup 2026,France,Iraq,2026-06-22,22:00:00,3,0,1,0,2,0,,,,,90 minutes,19,4,5,0,8,4,4,2,0,1,0,0,2.67,0.62,1.07,12.0,26.0,1.09,15.0,48.0,1.09,14.0,36.0,1.07,12.03,28.13,0.8873256277087832,0.078922562065536,0.0337518102256807
World Cup 2026,Norway,Senegal,2026-06-23,01:00:00,3,2,1,0,2,2,,,,,90 minutes,13,16,7,4,13,5,5,4,0,0,0,0,2.19,1.71,2.4,3.5,2.88,2.6,3.5,3.0,2.5,3.5,3.05,2.39,3.39,2.85,0.3931418386903818,0.2771707948289122,0.32968736648070607
World Cup 2026,Jordan,Algeria,2026-06-23,04:00:00,1,2,1,0,0,2,,,,,90 minutes,8,17,4,8,11,6,1,10,1,1,0,0,0.64,1.89,7.0,4.5,1.45,7.6,4.7,1.51,7.5,4.5,1.53,6.87,4.37,1.46,0.1374086573355186,0.21601772903776037,0.6465736136267212
World Cup 2026,Portugal,Uzbekistan,2026-06-23,18:00:00,5,0,3,0,2,0,,,,,90 minutes,17,7,9,2,14,15,3,2,1,1,0,0,2.6,0.25,1.13,9.0,19.0,1.16,9.6,25.0,1.17,9.0,22.0,1.13,8.48,19.31,0.8390855309849015,0.11181210495435596,0.04910236406074256
World Cup 2026,England,Ghana,2026-06-23,21:00:00,0,0,0,0,0,0,,,,,90 minutes,19,2,3,1,14,24,9,2,1,1,0,0,1.36,0.17,1.18,7.5,15.0,1.2,8.2,21.0,1.2,8.0,19.0,1.17,7.29,15.28,0.8083652822499003,0.1297376378919593,0.061897079858140275
World Cup 2026,Panama,Croatia,2026-06-24,00:00:00,0,1,0,0,0,1,,,,,90 minutes,8,6,1,2,19,12,7,2,1,1,0,0,0.55,1.65,7.5,4.6,1.42,9.0,4.8,1.45,8.0,4.8,1.44,7.82,4.55,1.4,0.12041815535265318,0.20696043403466985,0.672621410612677
World Cup 2026,Colombia,DR Congo,2026-06-24,03:00:00,1,0,0,0,1,0,,,,,90 minutes,20,7,9,1,12,16,5,4,2,1,0,0,0.98,0.37,1.53,3.9,7.0,1.56,4.1,8.0,1.55,4.1,7.1,1.52,3.93,6.71,0.6198490472015438,0.2397380538794775,0.14041289891897862
World Cup 2026,Bosnia and Herzegovina,Qatar,2026-06-24,20:00:00,3,1,2,1,1,0,,,,,90 minutes,14,9,5,3,9,14,5,5,1,1,0,0,0.68,0.77,1.4,5.0,7.0,1.45,5.2,8.0,1.45,5.2,8.0,1.4,4.87,7.02,0.6725381343762171,0.1933374513607195,0.13412441426306324
World Cup 2026,Switzerland,Canada,2026-06-24,20:00:00,2,1,0,0,2,1,,,,,90 minutes,6,13,4,7,19,13,2,7,1,2,0,0,1.12,1.66,2.6,3.0,3.0,2.7,3.0,3.3,2.6,3.1,3.25,2.47,2.95,3.11,0.3800113491862964,0.3181789940644584,0.3018096567492451
World Cup 2026,Morocco,Haiti,2026-06-24,23:00:00,4,2,2,2,2,0,,,,,90 minutes,22,9,11,2,10,18,9,1,0,3,0,0,3.76,1.22,1.33,5.5,9.0,1.32,6.0,12.0,1.33,6.25,12.0,1.28,5.66,9.93,0.7379797528854107,0.16689294764899748,0.09512729946559172
World Cup 2026,Scotland,Brazil,2026-06-24,23:00:00,0,3,0,2,0,1,,,,,90 minutes,14,21,5,9,10,11,7,6,1,2,0,0,1.05,4.34,10.0,5.5,1.29,11.5,5.6,1.35,11.0,5.75,1.35,9.9,5.28,1.3,0.09532538955087076,0.17873510540788268,0.7259395050412465
World Cup 2026,Czech Republic,Mexico,2026-06-25,02:00:00,0,3,0,0,0,3,,,,,90 minutes,13,11,1,5,9,13,5,1,0,1,0,0,0.48,1.75,4.2,3.9,1.75,4.9,4.1,1.79,4.85,4.0,1.77,4.42,3.84,1.73,0.21249672132196296,0.24459258027163447,0.5429106984064025
World Cup 2026,South Africa,South Korea,2026-06-25,02:00:00,1,0,0,0,1,0,,,,,90 minutes,13,8,4,3,7,9,4,6,1,1,0,0,1.16,0.91,5.25,3.75,1.67,5.8,3.8,1.76,6.0,3.75,1.7,5.42,3.64,1.66,0.17378999321222718,0.25877520967315143,0.5674347971146214
World Cup 2026,Curaçao,Ivory Coast,2026-06-25,21:00:00,0,2,0,1,0,1,,,,,90 minutes,11,7,2,3,11,6,4,6,2,1,0,0,0.5,1.31,15.0,8.0,1.17,18.5,8.6,1.2,19.0,8.25,1.19,16.09,7.72,1.16,0.05898004668243823,0.1229260299378797,0.8180939233796821
World Cup 2026,Ecuador,Germany,2026-06-25,21:00:00,2,1,1,1,1,0,,,,,90 minutes,7,11,3,3,15,10,3,2,3,1,0,0,1.27,0.65,4.33,4.2,1.7,4.6,4.5,1.77,4.7,4.33,1.75,4.25,4.14,1.71,0.2216336536023217,0.22752247048547522,0.5508438759122031
World Cup 2026,Japan,Sweden,2026-06-26,00:00:00,1,1,0,0,1,1,,,,,90 minutes,8,11,3,5,20,11,2,8,1,2,0,0,1.21,0.64,2.4,3.2,3.1,2.4,3.5,3.3,2.4,3.6,3.4,2.26,3.35,3.13,0.41724531740568166,0.28148490069756427,0.30126978189675413
World Cup 2026,Tunisia,Netherlands,2026-06-26,00:00:00,1,3,0,2,1,1,,,,,90 minutes,10,20,4,7,11,10,4,6,0,0,0,0,0.62,1.84,21.0,8.0,1.14,25.0,11.0,1.14,21.0,12.0,1.17,16.63,8.56,1.14,0.05704351567258668,0.11082168991064444,0.8321347944167689
World Cup 2026,Paraguay,Australia,2026-06-26,03:00:00,0,0,0,0,0,0,,,,,90 minutes,7,12,2,5,9,6,1,3,1,1,0,0,0.24,0.55,2.55,2.4,4.1,2.64,2.5,4.4,2.63,2.45,4.33,2.52,2.34,4.1,0.3715321343928621,0.40011152934615923,0.2283563362609787
World Cup 2026,Turkey,United States,2026-06-26,03:00:00,3,2,2,1,1,1,,,,,90 minutes,9,18,3,7,13,13,2,9,0,1,0,0,3.0,2.12,3.2,4.0,2.05,3.25,4.1,2.2,3.6,4.0,2.1,3.22,3.81,2.04,0.29209226814584316,0.24686013213375724,0.46104759972039955
World Cup 2026,Norway,France,2026-06-26,20:00:00,1,4,1,3,0,1,,,,,90 minutes,10,18,4,9,9,11,4,5,1,1,0,0,1.7,1.5,7.0,5.5,1.36,8.2,6.0,1.39,8.0,6.0,1.4,7.02,5.44,1.36,0.13418845584607797,0.1731623088307844,0.6926492353231376
World Cup 2026,Senegal,Iraq,2026-06-26,20:00:00,5,0,1,0,4,0,,,,,90 minutes,28,6,12,1,10,11,12,3,2,2,0,1,3.01,0.14,1.2,7.0,12.0,1.23,8.0,14.5,1.23,7.5,15.0,1.2,6.88,13.06,0.7897008985698817,0.1377385288203282,0.07256057260979004
World Cup 2026,Cape Verde,Saudi Arabia,2026-06-27,01:00:00,0,0,0,0,0,0,,,,,90 minutes,15,7,2,3,10,16,4,2,1,3,0,0,1.39,0.39,2.5,3.3,2.88,2.7,3.6,2.8,2.74,3.5,2.88,2.55,3.29,2.72,0.3686532670355067,0.28573429511870574,0.34561243784578743
World Cup 2026,Uruguay,Spain,2026-06-27,01:00:00,0,1,0,1,0,0,,,,,90 minutes,5,6,1,1,14,14,1,6,3,1,1,0,0.2,0.86,6.0,3.6,1.65,6.4,3.75,1.71,6.25,3.75,1.7,5.65,3.59,1.65,0.16672061244881015,0.26238759340829454,0.5708917941428954
World Cup 2026,Egypt,Iran,2026-06-27,04:00:00,1,1,1,1,0,0,,,,,90 minutes,15,13,3,4,11,16,8,2,3,4,0,0,0.84,1.97,2.63,2.63,3.4,2.68,2.82,3.65,2.7,2.8,3.66,2.58,2.64,3.38,0.36488542126699053,0.35659257078364986,0.27852200794935966
World Cup 2026,New Zealand,Belgium,2026-06-27,04:00:00,1,5,0,1,1,4,,,,,90 minutes,6,35,2,10,10,7,5,8,2,0,0,0,0.24,3.64,13.0,8.5,1.17,15.5,9.2,1.2,15.0,9.0,1.19,13.28,8.14,1.17,0.07152115565715383,0.11668316303771534,0.8117956813051308
World Cup 2026,Croatia,Ghana,2026-06-27,22:00:00,2,1,1,0,1,1,,,,,90 minutes,8,6,4,1,9,13,3,2,1,1,0,0,0.42,0.64,1.8,3.1,5.75,1.84,3.3,6.2,1.87,3.35,5.75,1.79,3.16,5.39,0.5267171559425918,0.29836193327127825,0.17492091078612979
World Cup 2026,Panama,England,2026-06-27,22:00:00,0,2,0,0,0,2,,,,,90 minutes,13,17,2,6,16,13,3,7,2,1,0,0,0.66,1.57,17.0,8.5,1.14,23.0,9.4,1.17,20.0,9.5,1.17,16.53,8.45,1.14,0.05728619368834954,0.11206399783058202,0.8306498084810685
World Cup 2026,Colombia,Portugal,2026-06-28,00:30:00,0,0,0,0,0,0,,,,,90 minutes,24,13,6,2,12,6,5,2,1,0,0,0,1.7,0.92,4.0,4.0,1.8,4.3,4.1,1.89,4.0,4.0,1.9,3.83,3.84,1.84,0.24516308119361552,0.24452463566967386,0.5103122831367106
World Cup 2026,DR Congo,Uzbekistan,2026-06-28,00:30:00,3,1,0,1,3,0,,,,,90 minutes,19,3,4,1,6,16,2,4,3,2,0,0,2.17,0.2,1.67,3.8,5.25,1.71,4.0,5.7,1.68,4.0,5.5,1.64,3.79,5.23,0.5726415230611448,0.24779211024281728,0.17956636669603776
World Cup 2026,Algeria,Austria,2026-06-28,03:00:00,3,3,1,1,2,2,,,,,90 minutes,12,10,5,3,3,7,0,3,0,1,0,0,1.67,1.49,3.5,2.05,3.6,3.7,2.14,3.75,3.55,2.15,3.75,3.33,2.09,3.45,0.2810157958119468,0.4477428708391306,0.2712413333489226
World Cup 2026,Jordan,Argentina,2026-06-28,03:00:00,1,3,0,2,1,1,,,,,90 minutes,5,12,1,4,13,7,2,6,3,0,0,0,0.76,2.13,21.0,9.0,1.11,25.0,9.8,1.16,21.0,9.0,1.15,19.03,8.45,1.13,0.049769123597449956,0.11208360024372459,0.8381472761588254
World Cup 2026,South Africa,Canada,2026-06-28,20:00:00,0,1,0,0,0,1,,,,,90 minutes,6,12,1,7,10,16,1,4,0,2,0,0,0.14,1.38,5.0,3.25,1.83,5.3,3.45,1.89,5.1,3.5,1.85,4.68,3.3,1.82,0.200416449765747,0.2842269651223321,0.5153565851119207
World Cup 2026,Brazil,Japan,2026-06-29,18:00:00,2,1,0,1,2,0,,,,,90 minutes,19,5,7,2,4,13,6,2,2,3,0,0,2.07,0.33,1.75,3.5,5.0,1.81,3.65,5.6,1.8,3.56,5.2,1.75,3.47,4.96,0.5384608164887044,0.27155804866145034,0.1899811348498453
World Cup 2026,Germany,Paraguay,2026-06-29,21:30:00,1,1,0,1,1,0,0.0,0.0,3.0,4.0,Penalties,21,7,6,3,18,12,16,6,2,2,0,0,1.57,0.35,1.33,5.0,9.5,1.37,5.3,12.0,1.37,5.3,10.0,1.33,5.06,9.16,0.7102059078609058,0.1866746753863646,0.10311941675272977
World Cup 2026,Netherlands,Morocco,2026-06-30,02:00:00,1,1,0,0,1,1,0.0,0.0,2.0,3.0,Penalties,6,11,2,5,18,15,5,8,0,1,0,0,0.24,1.38,2.35,3.1,3.3,2.48,3.1,3.55,2.44,3.1,3.35,2.34,3.05,3.24,0.4016975195726934,0.3081876051803615,0.2901148752469452
World Cup 2026,Ivory Coast,Norway,2026-06-30,18:00:00,1,2,0,1,1,1,,,,,90 minutes,14,9,5,4,6,7,14,3,0,1,0,0,1.49,1.91,3.7,3.3,2.1,3.85,3.4,2.22,3.7,3.4,2.15,3.52,3.29,2.1,0.26694433926542976,0.28560610158489746,0.44744955914967266
World Cup 2026,France,Sweden,2026-06-30,22:00:00,3,0,1,0,2,0,,,,,90 minutes,25,8,12,3,14,10,9,1,0,0,0,0,3.24,0.7,1.29,5.75,10.0,1.3,6.2,12.5,1.32,6.2,11.0,1.28,5.82,9.47,0.7379556707628945,0.16229952896503522,0.09974480027207021
World Cup 2026,Mexico,Ecuador,2026-07-01,02:00:00,2,0,2,0,0,0,,,,,90 minutes,15,7,3,1,10,14,3,8,0,3,0,1,1.05,0.75,2.3,2.7,4.1,2.34,2.84,4.4,2.32,2.83,4.1,2.25,2.75,3.9,0.4175182481751824,0.3416058394160584,0.24087591240875914
World Cup 2026,England,DR Congo,2026-07-01,17:00:00,2,1,0,1,2,0,,,,,90 minutes,16,7,7,2,10,12,5,3,1,1,0,0,2.15,0.77,1.29,5.25,13.0,1.31,5.4,17.0,1.32,5.25,14.0,1.28,5.09,12.09,0.7367317741848589,0.18526850117025925,0.07799972464488168
World Cup 2026,Belgium,Senegal,2026-07-01,21:00:00,2,2,0,1,2,1,1.0,0.0,,,Extra time,19,19,5,5,22,12,4,2,1,1,0,0,1.75,3.58,1.91,3.4,4.2,2.0,3.55,4.4,2.0,3.55,4.25,1.92,3.39,4.02,0.4892407108239095,0.277092084006462,0.23366720516962844
World Cup 2026,United States,Bosnia and Herzegovina,2026-07-02,01:00:00,2,0,1,0,1,0,,,,,90 minutes,8,10,2,3,7,13,4,3,0,1,1,0,0.88,0.25,1.33,5.25,9.0,1.39,5.4,10.0,1.37,5.3,9.2,1.34,5.07,8.44,0.7027073185952027,0.18572540570366305,0.11156727570113409
World Cup 2026,Spain,Austria,2026-07-02,20:00:00,3,0,1,0,2,0,,,,,90 minutes,23,5,10,0,8,15,9,0,0,1,0,0,2.8,0.32,1.33,5.0,10.0,1.37,5.3,11.5,1.35,5.25,11.5,1.33,5.04,9.53,0.7125307635593308,0.1880289514948234,0.09944028494584577
World Cup 2026,Portugal,Croatia,2026-07-03,00:00:00,2,1,0,0,2,1,,,,,90 minutes,15,13,3,6,6,12,9,5,1,2,0,0,2.2,1.34,1.7,3.6,5.5,1.73,3.8,6.0,1.74,3.75,5.5,1.67,3.67,5.23,0.563585860217106,0.25645460124320624,0.17995953853968774
World Cup 2026,Switzerland,Algeria,2026-07-03,04:00:00,2,0,1,0,1,0,,,,,90 minutes,11,8,5,2,10,12,4,2,0,2,0,0,2.45,0.74,1.95,3.1,4.5,2.04,3.3,4.7,2.05,3.3,4.6,1.95,3.18,4.24,0.48236632536973834,0.2957906712172923,0.22184300341296923
World Cup 2026,Australia,Egypt,2026-07-03,19:00:00,1,1,0,1,1,0,0.0,0.0,2.0,4.0,Penalties,16,14,1,3,12,14,4,7,0,2,0,0,0.84,1.33,3.6,2.88,2.35,3.85,2.92,2.48,3.74,2.9,2.45,3.5,2.81,2.37,0.2686478658475092,0.3346147795253674,0.39673735462712334
World Cup 2026,Argentina,Cape Verde,2026-07-03,23:00:00,1,1,1,0,0,1,2.0,1.0,,,Extra time,22,16,10,5,13,12,8,8,1,1,0,0,2.26,0.47,1.14,8.0,19.0,1.15,9.6,30.0,1.15,9.5,23.5,1.13,8.13,20.16,0.8367899892019391,0.11630660366521416,0.04690340713284678
World Cup 2026,Colombia,Ghana,2026-07-04,02:30:00,1,0,1,0,0,0,,,,,90 minutes,20,8,8,0,14,10,3,2,2,3,0,0,2.04,0.27,1.45,4.1,8.5,1.47,4.4,10.0,1.48,4.4,9.2,1.42,4.19,8.13,0.6606922929221031,0.22391003721942393,0.11539766985847309
World Cup 2026,Canada,Morocco,2026-07-04,18:00:00,0,3,0,0,0,3,,,,,90 minutes,10,5,3,4,24,14,11,1,4,4,0,0,0.84,0.82,5.0,3.25,1.83,5.6,3.35,1.89,5.25,3.4,1.89,4.89,3.26,1.82,0.19279661016949157,0.28919491525423735,0.5180084745762712
World Cup 2026,Paraguay,France,2026-07-04,22:00:00,0,1,0,0,0,1,,,,,90 minutes,5,15,0,5,13,11,2,12,0,3,0,0,0.13,1.46,17.0,6.5,1.18,22.0,7.0,1.22,18.0,6.75,1.22,14.94,6.37,1.2,0.06330969572585013,0.1484845924873157,0.7882057117868342
World Cup 2026,Brazil,Norway,2026-07-05,21:00:00,1,2,0,0,1,2,,,,,90 minutes,14,9,4,5,7,6,5,5,1,0,0,0,2.62,1.06,1.75,3.6,4.75,1.82,3.85,5.1,1.8,3.9,4.85,1.75,3.68,4.55,0.5375884930891112,0.25564670187661537,0.20676480503427352
World Cup 2026,Mexico,England,2026-07-06,02:00:00,2,3,1,2,1,1,,,,,90 minutes,20,6,5,5,14,7,12,2,2,4,0,1,1.88,1.61,3.0,3.0,2.6,3.15,3.15,2.68,3.1,3.15,2.62,2.98,3.0,2.52,0.31487405037984806,0.3127748900439824,0.3723510595761695
World Cup 2026,Portugal,Spain,2026-07-06,20:00:00,0,1,0,0,0,1,,,,,90 minutes,10,15,2,6,9,13,3,7,2,1,0,0,0.63,1.68,3.9,3.5,1.95,4.2,3.6,2.04,3.9,3.6,2.0,3.78,3.47,1.96,0.24888570111173727,0.27112044674419794,0.4799938521440647
World Cup 2026,United States,Belgium,2026-07-07,01:00:00,1,4,1,2,0,2,,,,,90 minutes,7,15,2,7,11,9,3,5,2,0,0,0,0.63,2.01,2.55,3.2,2.9,2.7,3.3,3.0,2.6,3.4,2.94,2.52,3.19,2.83,0.3730747455378728,0.29471735384183056,0.33220790062029665
World Cup 2026,Argentina,Egypt,2026-07-07,17:00:00,3,2,0,1,3,1,,,,,90 minutes,19,5,7,2,13,11,6,1,0,4,0,0,2.84,0.89,1.33,4.75,11.0,1.37,5.0,13.5,1.35,5.0,12.0,1.32,4.72,10.6,0.7121546835500694,0.19916190302671435,0.0886834134232162
World Cup 2026,Switzerland,Colombia,2026-07-07,21:00:00,1,0,0,0,0,0,0.0,0.0,4.0,3.0,Penalties,7,15,2,3,22,21,3,7,3,2,0,0,0.38,1.09,3.6,2.88,2.35,3.8,2.98,2.46,3.7,3.0,2.47,3.48,2.86,2.34,0.26998112020138454,0.32850849590937703,0.40151038388923854
